NodeName,NodeIPAddress,PollingEngineID,PollingMethod,SNMPV2Community,NodeManufacturer
MEL-INET-23164-40Mbps,203.122.138.1,1,ICMP,public,Unknown
tc-atl.cogent-rtr,38.122.46.46,1,ICMP,public,Unknown
ATL-Office-Inet-Cogent-Link-Primary,38.122.46.46,1,ICMP,public,Unknown
LDC-FW03-GramTel,209.242.64.129,1,ICMP,public,Unknown
bcn-level3-public,193.240.171.18,1,ICMP,public,Unknown
BCN-Colt-Inet-bkp,80.169.78.97,1,ICMP,public,Unknown
QTS-Internet-Link-2,209.10.130.102,1,ICMP,public,Unknown
SCH-Level3-Backup-Internet-Link,204.245.6.146,1,ICMP,public,Unknown
ATL-Office-Inet-Level3-Link-Backup,67.17.192.6,1,ICMP,public,Unknown
ldc-fw04-g0-0.tcprod.local,209.242.64.130,1,ICMP,public,Unknown
ldc-core-sw03-lo10.tcprod.local,209.242.64.170,1,ICMP,public,Unknown
LDC-Cyrusone-RTR02,209.242.64.173,1,ICMP,public,Unknown
ORL-ISP-SW01.travelclick.com,199.227.2.9,1,ICMP,public,Unknown
ORL- FiberNet Circuit (FarSide),104.219.183.17,1,ICMP,public,Unknown
NYC- MetroOptic & Lightpath (FarSide),148.77.101.153,1,ICMP,public,Unknown
SCH-FW-OutSide,64.190.112.34,1,ICMP,public,Unknown
MEL-MPLS-Circuit,100.65.0.42,1,ICMP,public,Unknown
38.101.233.11,38.101.233.11,1,ICMP,public,Unknown
ldc-i-rtr01-g0-0-0.tcprod.local,209.242.64.169,1,ICMP,public,Unknown
OTW-FW01,104.232.193.11,1,ICMP,public,Unknown
OTW-FW02,104.232.193.12,1,ICMP,public,Unknown

