Profile_certificate-test,profile_wildcard.travelclick.com_exp_09_06_2020_RestrictCiphers_NoRC4 
profile_certificate-test,profile_wildcard.travelclick.com_exp_09_06_2020_RestrictCiphers_NoRC4 
profile_gm.travelclick.com_RestrictCiphers,profile_wildcard.travelclick.com_exp_09_06_2020_RestrictCiphers_NoRC4
profile_ihotelier_wildcard_RestrictCiphers_WithoutRC4_NewSSLCert,profile_wildcard.ihotelier.com_exp_09_06_2020_RestrictCiphers_WithoutRC4
profile_imanager-ebs.travelclick.net,profile_wildcard.ihotelier.com_exp_09_06_2020_RestrictCiphers_WithoutRC4
profile_RC4,profile_wildcard.ihotelier.com_exp_09_06_2020_RC4
profile_RC4_NO_3DES,profile_wildcard.ihotelier.com_exp_09_06_2020_RC4_NO_3DES
profile_travelclick_wildcard,profile_wildcard.travelclick.com_exp_09_06_2020_RestrictCiphers_NoRC4
profile_travelclick.com_wildcard,profile_wildcard.travelclick.com_exp_09_06_2020_RestrictCiphers_NoRC4
profile_wildcard_travelclick.com_exp_04_03_2020,profile_wildcard.travelclick.com_exp_09_06_2020_RestrictCiphers_NoRC4
profile_wildcard_travelclick.com_exp_04_03_2020_NO_3DES,profile_wildcard.travelclick.com_exp_09_06_2020_RestrictCiphers_NoRC4_No3DES
profile_wildcard_travelclick.com_exp_04_03_2020_No_TLS1.0,profile_wildcard.travelclick.com_exp_09_06_2020_RestrictCiphers_NoRC4_NoTLS1.0
profile_wildcard_travelclick.com_exp_04_03_2020_No_Tls1.0,profile_wildcard.travelclick.com_exp_09_06_2020_RestrictCiphers_NoRC4_NoTLS1.0
profile_wildcard_travelclick.com_exp_04_03_2020_NoCipherRestrictions,profile_wildcard.travelclick.com_exp_09_06_2020
profile_wildcard_travelclick.com_exp_04_03_2020_NoCipherRestrictions_No_Tls1.0,profile_wildcard.travelclick.com_exp_09_06_2020_NoTLS1.0 
profile_wildcard_travelclick.com_exp_04_03_2020_RestrictedCiphers_NO_RC4_NO_3DES,profile_wildcard.travelclick.com_exp_09_06_2020_RestrictCiphers_NoRC4_No3DES
profile_wildcard_travelclick.com_TLS_1.1_exp_04_03_2020,profile_wildcard.travelclick.com_exp_09_06_2020_TLS1.1
profile_wildcard_travelclick.com_TLS_1.2_exp_04_03_2020,profile_wildcard.travelclick.com_exp_09_06_2020_TLS1.2
profile_wildcard.ihotelier.com_NewSSLCert_NO_RC4_NO_3DES,profile_wildcard.ihotelier.com_exp_09_06_2020_NO_RC4_NO_3DES
profile_wildcard.ihotelier.com_NewSSLCert_NO_RC4_NO_3DES_No_Tls1.0,profile_wildcard.ihotelier.com_exp_09_06_2020_NO_RC4_NO_3DES_No_Tls1.0
Profile_wildcard.ihotelier.com_NO_SSLV3,profile_wildcard.ihotelier.com_exp_09_06_2020_NO_SSLV3
profile_wildcard.ihotelier.com_RestrictCiphers_WithoutRC4_NewSSLCert,profile_wildcard.ihotelier.com_exp_09_06_2020_RestrictCiphers_WithoutRC4
profile_wildcard.ihotelier.com_RestrictCiphers_WithoutRC4_NewSSLCert_NO_3DES,profile_wildcard.ihotelier.com_exp_09_06_2020_RestrictCiphers_WithoutRC4_NO_3DES
profile_wildcard.ihotelier.com_RestrictCiphers_WithoutRC4_NewSSLCert_No_Tls1.0,profile_wildcard.ihotelier.com_exp_09_06_2020_RestrictCiphers_WithoutRC4_No_Tls1.0
wildcard.travelclick.com,profile_wildcard.travelclick.com_exp_09_06_2020_RestrictCiphers_NoRC4
